Nome,Pontuacao_Conhecimentos,Pontuacao_Habilidades,Pontuacao_Atitudes,Classificacao
Luis,2,1,0,3
Joao,1,0,0,1
Maria,1,0,0,1
Miguel,1,0,0,1
Beatriz,0,0,0,0
Inês,0,0,0,0
Hugo,0,0,0,0
Marta,0,0,0,0
António,0,0,0,0
Catarina,0,0,0,0
Guilherme,0,0,0,0
Diana,0,0,0,0
Tiago,0,0,0,0
Isabel,0,0,0,0
Rui,0,0,0,0
Fernanda,0,0,0,0
André,0,0,0,0
Laura,0,0,0,0
Pedro,0,0,0,0
Sofia,0,0,0,0
Carlos,0,0,0,0
Ana,0,0,0,0
Alexandre,0,0,0,0
